t_ns,gx,gy,gz,ax,ay,az
1762325009760863744,0.011718139983713627,0.05486267805099487,-0.0415458157658577,-1.0493115186691284,-9.286897659301758,1.431770920753479
1762325009987976448,0.06764546781778336,-0.08735372871160507,-0.11292105168104172,-0.990471601486206,-9.64974308013916,1.7553902864456177
1762325010088764672,0.0415458157658577,0.0026616270188242197,0.010119418613612652,-1.1081514358520508,-9.228057861328125,1.6573238372802734
1762325010154181376,-0.023436279967427254,0.08096233010292053,-0.02716430276632309,-0.7649186849594116,-9.090764045715332,1.7553902864456177
1762325010224518400,-0.009054767899215221,0.006391395349055529,-0.07883128523826599,-1.0296982526779175,-9.43399715423584,2.0103631019592285
1762325010289780480,-0.06391744315624237,0.034088023006916046,-0.03994709625840187,-0.6864655017852783,-9.45361042022705,1.6965503692626953
1762325010354992384,-0.0015969761880114675,-0.020240582525730133,-0.011718139983713627,-0.9120184183120728,-9.32612419128418,1.6573238372802734
1762325010390082816,-0.016510814428329468,0.022369883954524994,-0.029827676713466644,-0.6864655017852783,-9.365350723266602,1.7553902864456177
1762325010455225088,-0.012782790698111057,0.024500930681824684,-0.006391395349055529,-0.627625584602356,-9.473223686218262,1.5690639019012451
1762325010525516544,-0.006391395349055529,0.01970651187002659,0.014913838356733322,-0.8041452765464783,-9.306510925292969,1.7357770204544067
1762325010555651584,-0.006391395349055529,0.026631977409124374,0.013315116055309772,-0.9120184183120728,-9.384963989257812,1.6573238372802734
1762325010620883200,-0.023436279967427254,-0.003728023264557123,-0.023436279967427254,-0.9512450098991394,-9.404577255249023,1.8534568548202515
1762325010655997440,-0.04846953600645065,0.03888244554400444,-0.0324910469353199,-0.627625584602356,-9.45361042022705,1.6082905530929565
1762325010721167360,-0.017043139785528183,0.0026616270188242197,0.04261046648025513,-0.5687856674194336,-9.414383888244629,1.5494506359100342
1762325010756246016,-0.010119418613612652,0.013847441412508488,0.07776663452386856,-0.8041452765464783,-9.286897659301758,1.431770920753479
1762325010826390272,0.0367513969540596,-0.03994709625840187,0.052731629461050034,-0.9316317439079285,-9.365350723266602,1.9907499551773071
1762325010891503104,-0.028761280700564384,-0.008520697243511677,-0.04846953600645065,-0.9512450098991394,-9.45361042022705,1.6769371032714844
1762325010956598272,-0.06871011853218079,0.03036000207066536,0.019174186512827873,-0.8531785011291504,-9.32612419128418,1.6082905530929565
1762325010991641856,-0.0607217475771904,-0.004792673978954554,0.003728023264557123,-0.7649186849594116,-9.365350723266602,1.3925442695617676
1762325011056709120,-0.010119418613612652,-0.0250332560390234,0.11451803147792816,-1.0296982526779175,-9.365350723266602,1.4906107187271118
1762325011091737088,0.008520697243511677,-0.0026616270188242197,0.04314279183745384,-1.206217885017395,-9.384963989257812,1.4906107187271118
1762325011156774656,0.015978489071130753,-0.015446163713932037,0.03781779482960701,-1.1081514358520508,-9.286897659301758,1.7750035524368286
1762325011221793536,-0.04420918971300125,-0.0005323254154063761,-0.05859070271253586,-0.8924051523208618,-9.43399715423584,1.81423020362854
1762325011291792640,-0.02822895534336567,-0.008520697243511677,0.018641861155629158,-0.8531785011291504,-9.384963989257812,1.3140910863876343
1762325011356772608,0.009054767899215221,-0.03462209552526474,-0.005324999336153269,-1.0493115186691284,-9.34573745727539,1.5102241039276123
1762325011421733888,-0.011718139983713627,-0.0021293016616255045,0.02183755859732628,-0.990471601486206,-9.32612419128418,1.6082905530929565
1762325011491672064,-0.005859069991856813,-0.03036000207066536,0.0031956976745277643,-0.9316317439079285,-9.384963989257812,1.6769371032714844
1762325011556594176,-0.06338512152433395,-0.02929535135626793,0.006391395349055529,-1.0493115186691284,-9.64974308013916,1.6082905530929565
1762325011621498112,-0.075103260576725,0.029827676713466644,-0.1821652501821518,-0.6668521761894226,-9.855683326721191,1.2258312702178955
1762325011656438272,-0.012250465340912342,0.0458061657845974,-0.1257038414478302,-0.3040061295032501,-9.747809410095215,1.1473779678344727
1762325011721481216,0.168316051363945,0.056991979479789734,-0.033023372292518616,-0.4314925968647003,-9.34573745727539,1.5886772871017456
1762325011791542016,0.17044711112976074,0.16139233112335205,0.03462209552526474,-0.2843928337097168,-9.63012981414795,1.5298373699188232
1762325011856590592,0.24022361636161804,0.12304047495126724,-0.2854992151260376,-1.1473779678344727,-9.34573745727539,2.5399222373962402
1762325011956653568,-0.27750909328460693,0.15127117931842804,-0.32970839738845825,0.6472389101982117,-9.169217109680176,1.3140910863876343
1762325012056700928,-0.24075594544410706,-0.014379767701029778,0.02929535135626793,0.509945809841156,-9.149603843688965,1.81423020362854
1762325012156731648,-0.2434193193912506,-0.07936360687017441,-0.020240582525730133,0.0,-8.74753189086914,1.1081514358520508
1762325012221744128,-0.14115175604820251,-0.017043139785528183,0.034088023006916046,-0.10787314921617508,-9.090764045715332,0.8727918267250061
1762325012286749184,0.02609965205192566,-0.3408942222595215,0.026631977409124374,-0.2059396505355835,-9.492836952209473,1.7553902864456177
1762325012321750272,-0.035154420882463455,-0.4010836184024811,0.06178639829158783,-0.6668521761894226,-9.384963989257812,1.186604619026184
1762325012386745088,-0.2657909393310547,-0.5257228016853333,0.02716430276632309,-0.8924051523208618,-9.532063484191895,1.5298373699188232
1762325012421740544,-0.30147770047187805,-0.40374699234962463,0.07456918805837631,0.127486452460289,-9.83607006072998,0.7845319509506226
1762325012486725376,-0.16884838044643402,-0.24395164847373962,0.18802431225776672,-1.2748644351959229,-9.728196144104004,0.9120184183120728
1762325012521714176,-0.17044711112976074,-0.0884183794260025,0.10546325892210007,-1.833843469619751,-9.610516548156738,0.0
1762325012586689792,0.007456046529114246,-0.24608269333839417,0.1629893183708191,-0.8335652351379395,-9.83607006072998,0.5295590758323669
1762325012621673216,0.13795430958271027,-0.36326584219932556,0.16618500649929047,-1.235637903213501,-9.63012981414795,0.9316317439079285
1762325012656655872,0.12889954447746277,-0.2391589730978012,0.011184069328010082,-1.1277647018432617,-9.414383888244629,0.6668521761894226
1762325012721688576,-0.0367513969540596,0.05166523531079292,0.0607217475771904,-0.8335652351379395,-9.306510925292969,1.4709974527359009
1762325012786726912,0.030892327427864075,0.08575500547885895,-0.028761280700564384,-1.0885381698608398,-9.384963989257812,1.0493115186691284
1762325012856763392,0.19388338923454285,0.060187678784132004,0.019174186512827873,-0.7060787677764893,-9.571290016174316,0.7845319509506226
1762325012921793024,0.09054942429065704,-0.1864255964756012,-0.04314279183745384,-0.9120184183120728,-9.473223686218262,1.3729310035705566
1762325012956808192,-0.010119418613612652,0.13795430958271027,-0.07350453734397888,-0.5295590758323669,-9.63012981414795,1.6965503692626953
1762325012986819584,0.02183755859732628,0.062318723648786545,0.014379767701029778,-0.4903324842453003,-9.610516548156738,0.5491724014282227
1762325013056844032,0.15180349349975586,-0.04261046648025513,0.0015969761880114675,-0.6668521761894226,-9.532063484191895,1.0296982526779175
1762325013086852864,0.12250814586877823,0.03142465278506279,-0.015978489071130753,-1.0689247846603394,-9.384963989257812,1.7553902864456177
1762325013156870656,0.0,-0.009054767899215221,-0.13742198050022125,-0.6668521761894226,-9.365350723266602,1.6573238372802734
1762325013186876672,-0.0324910469353199,0.03142465278506279,-0.1720440834760666,-0.2059396505355835,-9.63012981414795,1.6769371032714844
1762325013256888576,0.1075943112373352,-0.04101349040865898,-0.028761280700564384,0.8041452765464783,-9.34573745727539,0.9120184183120728
1762325013321895680,0.29135826230049133,-0.16085825860500336,0.016510814428329468,-0.3824593424797058,-9.384963989257812,2.5006957054138184
1762325013351897344,0.1954803615808487,-0.15606559813022614,-0.02822895534336567,-0.5491724014282227,-9.473223686218262,1.9907499551773071
1762325013421899008,0.2849668860435486,-0.33823084831237793,0.06391744315624237,0.029419949278235435,-9.365350723266602,1.9122966527938843
1762325013486896640,0.1592612862586975,-0.21146059036254883,0.14221639931201935,-0.3628460466861725,-8.786758422851562,3.5402004718780518
1762325013586886144,0.07243988662958145,-0.17523977160453796,0.1123887300491333,-1.9515233039855957,-8.825984954833984,0.029419949278235435
1762325013686903296,-0.1118546575307846,0.2839004695415497,-0.2625952363014221,0.7060787677764893,-9.708582878112793,1.3925442695617676
1762325013751986176,-0.6109472513198853,-0.15713024139404297,0.6998996734619141,-0.4903324842453003,-9.169217109680176,2.8145084381103516
1762325013852112896,0.2146562933921814,0.20347048342227936,0.20720024406909943,-1.431770920753479,-9.05153751373291,2.4810824394226074
1762325013922200320,-0.10173524171113968,-0.5225270986557007,0.19494803249835968,-2.5203089714050293,-9.404577255249023,0.6864655017852783
1762325014022324224,-0.6327847838401794,-0.6977686285972595,-0.034088023006916046,-1.4121575355529785,-9.590903282165527,1.3729310035705566
1762325014087404544,-0.31905490159988403,-0.4335746765136719,-0.010119418613612652,-1.2944778203964233,-10.149882316589355,0.7453053593635559
1762325014152484608,-0.5560845732688904,-0.3930935263633728,-0.1400853544473648,-1.833843469619751,-10.03220272064209,0.029419949278235435
1762325014187528192,-0.5214625000953674,-0.3281114101409912,-0.06658081710338593,-0.9512450098991394,-8.845598220825195,-1.3729310035705566
1762325014252607488,-0.29774966835975647,0.08948477357625961,0.1960144340991974,-0.8531785011291504,-9.404577255249023,-0.5295590758323669
1762325014287650304,-0.27431339025497437,-0.2902918756008148,0.2934875786304474,-0.411879301071167,-9.129990577697754,-0.5491724014282227
1762325014352729088,-0.33663210272789,-0.21146059036254883,0.0884183794260025,-0.6080122590065002,-9.129990577697754,0.08825984597206116
1762325014387770624,-0.34355756640434265,-0.3094678223133087,0.19814373552799225,-1.4709974527359009,-9.551676750183105,-1.1081514358520508
1762325014422812928,-0.377647340297699,-0.060187678784132004,0.1954803615808487,-1.5102241039276123,-9.512450218200684,-0.24516624212265015
1762325014487890944,-0.3515476882457733,0.10812663286924362,0.023436279967427254,-0.18632633984088898,-10.169495582580566,-1.637710452079773
1762325014522932992,-0.05805837735533714,-0.439433753490448,0.257800817489624,-1.255251169204712,-10.110655784606934,1.206217885017395
1762325014552968448,-0.3233169913291931,-0.3270450234413147,0.1629893183708191,-1.255251169204712,-10.03220272064209,-0.8727918267250061
1762325014623052032,-0.008520697243511677,-0.10439860820770264,0.11345338076353073,-0.8041452765464783,-9.728196144104004,-0.9120184183120728
1762325014688138496,-0.07456918805837631,0.02609965205192566,0.15340222418308258,-1.3140910863876343,-9.571290016174316,-0.411879301071167
1762325014753240832,-0.04527384042739868,-0.08202698081731796,0.07350453734397888,-2.4810824394226074,-8.806371688842773,-0.08825984597206116
1762325014823351808,0.007456046529114246,-0.5805854797363281,0.14701081812381744,-1.5886772871017456,-9.129990577697754,-0.6472389101982117
1762325014853399040,-0.09960418939590454,-0.4357057213783264,0.16991478204727173,-1.3729310035705566,-8.963277816772461,0.725692093372345
1762325014918501632,-0.20240582525730133,-0.5667363405227661,0.19015535712242126,-1.3140910863876343,-9.169217109680176,-1.4906107187271118
1762325014953557504,-0.11718140542507172,-0.7718072533607483,0.32917606830596924,-2.1574628353118896,-7.276534080505371,-1.235637903213501
1762325015053717248,-0.1912200152873993,-0.5097443461418152,0.23542919754981995,-1.5690639019012451,-9.110377311706543,-1.0885381698608398
1762325015118822144,-0.15659791231155396,-0.38989782333374023,0.11824779957532883,-1.9907499551773071,-9.208444595336914,-1.7357770204544067
1762325015188934144,-0.18269756436347961,-0.23063652217388153,0.09907186776399612,-2.657602071762085,-8.992697715759277,0.04903324693441391
1762325015218982912,-0.1443474441766739,-0.26738792657852173,0.07776663452386856,-2.696828603744507,-9.404577255249023,-1.4709974527359009
1762325015289095424,-0.06817779690027237,-0.03568674623966217,0.07616791129112244,-2.922381639480591,-9.247671127319336,0.08825984597206116
1762325015354201088,-0.004260348621755838,0.03781779482960701,0.06604674458503723,-2.4614691734313965,-9.365350723266602,-0.6472389101982117
1762325015419306496,-0.18482862412929535,-0.12037710100412369,-0.06817779690027237,-2.451662540435791,-9.05153751373291,-0.24516624212265015
1762325015454363648,-0.1592612862586975,0.016510814428329468,-0.011184069328010082,-2.432049036026001,-9.05153751373291,-0.5491724014282227
1762325015519469568,-0.19281873106956482,0.0010646508308127522,0.0026616270188242197,-3.1381278038024902,-8.786758422851562,-0.24516624212265015
1762325015589584128,-0.13848838210105896,0.01970651187002659,0.021305233240127563,-3.1381278038024902,-8.767145156860352,-0.8335652351379395
1762325015654690560,-0.23170118033885956,-0.13156291842460632,0.07350453734397888,-3.0008349418640137,-8.72791862487793,-0.14709974825382233
1762325015689751040,-0.2237110584974289,0.18322989344596863,-0.09161407500505447,-3.1185145378112793,-8.74753189086914,-0.9512450098991394
1762325015754868224,-0.14807547628879547,-0.13156291842460632,0.017577210441231728,-2.657602071762085,-8.708305358886719,-0.34323275089263916
1762325015819984640,-0.17097942531108856,-0.037283722311258316,-0.015446163713932037,-2.451662540435791,-9.110377311706543,-1.1473779678344727
1762325015855048192,-0.1267702430486679,-0.2237110584974289,0.0980072170495987,-2.696828603744507,-9.05153751373291,-1.010084867477417
1762325015920166400,-0.2194507122039795,-0.07883128523826599,-0.08682139962911606,-2.5006957054138184,-9.384963989257812,-1.7161637544631958
1762325016020348416,-0.10439860820770264,-0.22051537036895752,-0.1592612862586975,-3.6186537742614746,-9.05153751373291,-1.794616937637329
1762325016090477056,0.18855664134025574,-0.3978879451751709,0.04740488529205322,-2.90276837348938,-8.992697715759277,-1.637710452079773
1762325016155596544,0.03568674623966217,0.2056015282869339,-0.2615288496017456,-3.0400614738464355,-9.45361042022705,-1.5102241039276123
1762325016290847488,-0.035154420882463455,0.1251715123653412,-0.17523977160453796,-2.2555294036865234,-8.865211486816406,-1.794616937637329
1762325016320903936,0.07936360687017441,-0.022369883954524994,-0.15340222418308258,-1.0689247846603394,-9.0319242477417,-2.2359161376953125
1762325016386024960,-0.07670024037361145,-0.23862490057945251,0.03781779482960701,-2.1378495693206787,-8.72791862487793,-0.40207263827323914
1762325016456156416,-0.168316051363945,-0.10279989242553711,-0.015446163713932037,-1.7750035524368286,-8.992697715759277,-1.010084867477417
1762325016521279744,-0.3275773525238037,-0.17470745742321014,-0.19707907736301422,-1.9711365699768066,-8.72791862487793,-1.6965503692626953
1762325016556346112,-0.2061338573694229,-0.23063652217388153,-0.07084116339683533,-0.990471601486206,-9.129990577697754,-1.4709974527359009
1762325016656536832,-0.4069426953792572,-0.21359163522720337,-0.02396860532462597,-2.598762273788452,-8.963277816772461,-1.5102241039276123
1762325016721693952,-0.3499489724636078,-0.20720024406909943,-0.12730257213115692,-2.373209238052368,-8.904438018798828,-2.059396505355835
1762325016756781824,-0.2764444351196289,-0.09427744895219803,-0.13688966631889343,-1.9319100379943848,-8.845598220825195,-1.8926833868026733
1762325016821947136,-0.2625952363014221,-0.1123887300491333,-0.01970651187002659,-2.5203089714050293,-8.56120491027832,-2.079009771347046
1762325016887115008,-0.16565269231796265,-0.11505035310983658,0.0415458157658577,-2.677215337753296,-8.825984954833984,-2.736055374145508
1762325016922206208,-0.11718140542507172,-0.031958721578121185,-0.011184069328010082,-2.598762273788452,-9.05153751373291,-3.177354574203491
1762325016957298432,-0.07297221571207047,-0.16938070952892303,-0.02077290788292885,-2.098623037338257,-9.149603843688965,-2.432049036026001
1762325017022471680,0.0830916315317154,0.07723256200551987,0.11931245028972626,-1.9711365699768066,-9.365350723266602,-2.1770763397216797
1762325017087647232,-0.021305233240127563,0.0010646508308127522,0.013847441412508488,-2.9616081714630127,-9.43399715423584,-2.373209238052368
1762325017132769536,-0.08042825758457184,0.09001709520816803,-0.03888244554400444,-2.5399222373962402,-9.32612419128418,-1.9515233039855957
1762325017187921408,-0.08948477357625961,0.04207814112305641,-0.11505035310983658,-3.1185145378112793,-9.404577255249023,-3.0989012718200684
1762325017258117120,-0.05219930410385132,0.17790314555168152,-0.17790314555168152,-2.3535959720611572,-9.404577255249023,-2.90276837348938
1762325017323301888,0.09161407500505447,-0.05113290995359421,-0.20506919920444489,-2.7752819061279297,-9.090764045715332,-2.7164418697357178
1762325017388489472,0.009054767899215221,-0.012250465340912342,-0.23862490057945251,-2.2751426696777344,-8.845598220825195,-1.9711365699768066
1762325017453679360,0.015978489071130753,-0.1438133865594864,-0.2854992151260376,-1.8730701208114624,-8.688692092895508,-1.6965503692626953
1762325017523886592,-0.1257038414478302,-0.1118546575307846,-0.3004130423069,-0.8924051523208618,-8.865211486816406,-2.1182363033294678
1762325017589081600,-0.18003419041633606,-0.16671733558177948,-0.2199830412864685,-0.9708583354949951,-8.806371688842773,-2.1770763397216797
1762325017659295232,-0.12304047495126724,-0.07883128523826599,-0.1251715123653412,-1.5102241039276123,-8.72791862487793,-2.373209238052368
1762325017754472704,-0.149674192070961,-0.05859070271253586,-0.14274872839450836,-0.8335652351379395,-8.825984954833984,-2.5399222373962402
1762325017824600832,-0.09268046915531158,-0.015446163713932037,-0.07563558965921402,-0.9316317439079285,-8.590624809265137,-2.90276837348938
1762325017854654720,-0.11611675471067429,-0.005859069991856813,-0.053796280175447464,-0.9316317439079285,-8.521978378295898,-2.0299766063690186
1762325017924783104,-0.16884838044643402,-0.021305233240127563,-0.11451803147792816,-1.255251169204712,-8.825984954833984,-3.0792880058288574
1762325017989901824,-0.1358250081539154,0.14594443142414093,-0.09534384310245514,-0.509945809841156,-9.0319242477417,-2.9616081714630127
1762325018055020544,-0.13369396328926086,0.11824779957532883,-0.10599558800458908,-0.725692093372345,-9.0319242477417,-3.461747407913208
1762325018125147904,-0.11292105168104172,0.19867780804634094,-0.1262361705303192,-0.8041452765464783,-8.94366455078125,-2.8537349700927734
1762325018155202816,-0.12357279658317566,0.18589326739311218,-0.15180349349975586,-0.6472389101982117,-8.982891082763672,-3.3048410415649414
1762325018190266880,-0.13635733723640442,0.09960418939590454,-0.149674192070961,-0.627625584602356,-8.94366455078125,-3.1381278038024902
1762325018255385856,-0.05113290995359421,0.0932127982378006,-0.11771372705698013,-0.24516624212265015,-8.982891082763672,-3.5794272422790527
1762325018325514496,-0.061254072934389114,0.25833314657211304,-0.14115175604820251,-0.3040061295032501,-8.904438018798828,-3.236194372177124
1762325018390633216,-0.06764546781778336,0.10173524171113968,-0.11079000681638718,-0.8041452765464783,-8.629851341247559,-3.0792880058288574
1762325018455752448,-0.05859070271253586,0.25087711215019226,-0.07989593595266342,-0.029419949278235435,-8.825984954833984,-3.2656142711639404
1762325018525881344,-0.08469035476446152,0.11771372705698013,-0.06444977223873138,-0.2059396505355835,-8.865211486816406,-3.236194372177124
1762325018591000576,-0.13156291842460632,0.3504813015460968,-0.07776663452386856,-0.34323275089263916,-8.992697715759277,-3.726526975631714
1762325018626064640,-0.07297221571207047,0.19388338923454285,-0.10173524171113968,-0.6864655017852783,-8.924051284790039,-4.020726203918457
1762325018696213504,0.08096233010292053,0.16245698928833008,-0.05539500340819359,0.009806649759411812,-8.884824752807617,-3.2852277755737305
1762325018756364800,0.06764546781778336,0.07350453734397888,-0.05859070271253586,0.06864655017852783,-8.767145156860352,-3.3440675735473633
1762325018821531904,0.027696629986166954,0.2652586102485657,-0.07989593595266342,0.627625584602356,-8.94366455078125,-3.559813976287842
1762325018856622336,0.13262930512428284,0.04314279183745384,0.04314279183745384,0.34323275089263916,-8.904438018798828,-3.6186537742614746
1762325018926804480,0.0884183794260025,0.1874919831752777,-0.007988371886312962,0.16671304404735565,-8.982891082763672,-3.0008349418640137
1762325018991976704,-0.02183755859732628,0.26419222354888916,-0.07776663452386856,0.4903324842453003,-8.74753189086914,-3.177354574203491
1762325019057150208,0.019174186512827873,0.19921012222766876,-0.034088023006916046,0.990471601486206,-8.767145156860352,-3.236194372177124
1762325019122325248,-0.05965535342693329,0.36273351311683655,-0.018109535798430443,0.6080122590065002,-8.865211486816406,-3.7853667736053467
1762325019192516608,-0.05006825923919678,0.37072187662124634,0.06178639829158783,0.9512450098991394,-8.924051284790039,-2.4614691734313965
1762325019222599424,-0.1784372180700302,0.5768575072288513,0.04793721064925194,0.029419949278235435,-8.865211486816406,-3.706913709640503
1762325019292793856,-0.02396860532462597,0.3467532694339752,-0.014913838356733322,0.5883989930152893,-8.806371688842773,-3.255807638168335
1762325019357975808,-0.036219071596860886,0.32384932041168213,-0.02929535135626793,0.725692093372345,-8.74753189086914,-3.706913709640503
1762325019423159808,-0.005859069991856813,0.3499489724636078,0.03888244554400444,1.4906107187271118,-8.72791862487793,-3.0008349418640137
1762325019493360896,-0.06604674458503723,0.33876314759254456,0.0324910469353199,1.1473779678344727,-8.669078826904297,-3.422520875930786
1762325019523447552,-0.0026616270188242197,0.2652586102485657,0.05539500340819359,0.8531785011291504,-8.669078826904297,-3.177354574203491
1762325019593651712,-0.018641861155629158,0.26312756538391113,0.031958721578121185,1.186604619026184,-8.865211486816406,-3.383294105529785
1762325019658842368,-0.15979361534118652,0.343025267124176,-0.004260348621755838,0.5491724014282227,-8.767145156860352,-3.363680839538574
1762325019723975168,-0.09960418939590454,0.22317872941493988,0.033023372292518616,1.431770920753479,-8.806371688842773,-2.9419949054718018
1762325019794108160,-0.13316163420677185,0.08096233010292053,-0.02183755859732628,1.1669913530349731,-8.786758422851562,-3.6578803062438965
1762325019824165376,-0.09427744895219803,0.20347048342227936,-0.05645965412259102,1.4906107187271118,-8.72791862487793,-3.422520875930786
1762325019894299136,-0.04687255993485451,0.18322989344596863,0.1075943112373352,0.7453053593635559,-8.502365112304688,-3.363680839538574
1762325019959423744,-0.056991979479789734,0.1725764125585556,0.02929535135626793,1.9515233039855957,-8.924051284790039,-3.402907371520996
1762325020024547328,0.03462209552526474,0.17470745742321014,0.13688966631889343,1.1669913530349731,-8.786758422851562,-3.383294105529785
1762325020059613696,0.05752430483698845,0.16725140810012817,0.02290220931172371,1.5298373699188232,-8.806371688842773,-2.90276837348938
1762325020124738304,0.0010646508308127522,0.26312756538391113,0.16032594442367554,0.9708583354949951,-8.74753189086914,-2.922381639480591
1762325020224929280,-0.013847441412508488,0.07776663452386856,0.0021293016616255045,1.1081514358520508,-8.924051284790039,-3.0792880058288574
1762325020259995648,-0.004260348621755838,0.17044711112976074,-0.08522267639636993,0.8335652351379395,-8.982891082763672,-3.5990405082702637
1762325020290053632,0.04740488529205322,-0.18589326739311218,-0.14860780537128448,1.0689247846603394,-8.767145156860352,-3.383294105529785
1762325020360186368,-0.07190581411123276,0.25620386004447937,-0.17044711112976074,1.4906107187271118,-8.521978378295898,-3.422520875930786
1762325020425310720,0.11451803147792816,-0.08788605034351349,0.04101349040865898,0.8531785011291504,-8.629851341247559,-2.5399222373962402
1762325020490434304,0.0026616270188242197,0.2764444351196289,-0.14061768352985382,0.0,-8.482751846313477,-4.952358245849609
1762325020525501440,0.019174186512827873,-0.0697765126824379,-0.12836721539497375,0.6472389101982117,-8.54159164428711,-3.8049800395965576
1762325020590625024,-0.13848838210105896,0.24128827452659607,-0.013315116055309772,1.7357770204544067,-9.473223686218262,-4.305119037628174
1762325020625692160,-0.0458061657845974,0.19494803249835968,-0.033023372292518616,0.7649186849594116,-9.228057861328125,-4.442412376403809
1762325020690817024,0.09960418939590454,0.4825782775878906,-0.15766257047653198,1.3533176183700562,-8.267005920410156,-4.344346046447754
1762325020725884416,0.15286989510059357,0.2093295454978943,-0.08042825758457184,2.1378495693206787,-8.463138580322266,-2.8341217041015625
1762325020826078464,0.07137349247932434,0.37072187662124634,-0.038350120186805725,2.098623037338257,-8.845598220825195,-3.687300205230713
1762325020861146880,0.10865896195173264,0.1731104701757431,0.025565581396222115,1.8926833868026733,-8.649465560913086,-3.2852277755737305
1762325020926272512,0.07030884176492691,0.5571492314338684,-0.023436279967427254,1.9907499551773071,-8.708305358886719,-2.618375539779663
1762325020996408320,-0.11931245028972626,0.0830916315317154,-0.04314279183745384,2.079009771347046,-8.708305358886719,-1.7750035524368286
1762325021061534720,-0.04314279183745384,0.4447605013847351,-0.22211408615112305,2.863541841506958,-8.924051284790039,-3.461747407913208
1762325021091592704,0.031958721578121185,0.10333221405744553,-0.013847441412508488,2.3143694400787354,-8.845598220825195,-2.863541841506958
1762325021161728768,-0.029827676713466644,0.38084304332733154,-0.23596327006816864,2.637988805770874,-8.72791862487793,-2.9812214374542236
1762325021191786752,-0.02716430276632309,0.2711176872253418,-0.11398570239543915,3.2852277755737305,-8.825984954833984,-2.618375539779663
1762325021256913408,-0.1123887300491333,0.32491397857666016,-0.037283722311258316,2.41243577003479,-8.688692092895508,-3.2656142711639404
1762325021291981824,0.04687255993485451,0.6343835592269897,-0.12836721539497375,3.1185145378112793,-8.610238075256348,-2.696828603744507
1762325021362117632,-0.16245698928833008,0.0841580256819725,-0.004792673978954554,2.3143694400787354,-8.786758422851562,-3.6186537742614746
1762325021392176128,-0.10279989242553711,0.42878201603889465,-0.040481165051460266,3.8245933055877686,-8.306232452392578,-1.9907499551773071
1762325021462311936,-0.32438164949417114,0.2801724672317505,-0.06658081710338593,2.863541841506958,-8.041452407836914,-1.8534568548202515
1762325021492370176,-0.361134797334671,0.15659791231155396,-0.09001709520816803,2.9419949054718018,-8.590624809265137,-4.167826175689697
1762325021562505984,-0.2237110584974289,0.20826490223407745,-0.19068768620491028,3.0989012718200684,-8.247392654418945,-3.1185145378112793
1762325021627632896,-0.5582138895988464,0.23170118033885956,-0.06604674458503723,2.8537349700927734,-8.423912048339844,-3.481360673904419
1762325021692758784,-0.21731966733932495,0.003728023264557123,-0.06551442295312881,3.216581106185913,-8.021839141845703,-3.196967840194702
1762325021727826944,-0.23969130218029022,-0.05752430483698845,-0.0740368664264679,3.402907371520996,-8.286619186401367,-3.726526975631714
1762325021792952320,-0.21678733825683594,-0.005324999336153269,-0.11345338076353073,3.8245933055877686,-8.178746223449707,-3.2656142711639404
1762325021858076928,-0.27271467447280884,-0.022369883954524994,-0.14061768352985382,2.9812214374542236,-8.139519691467285,-4.589511871337891
1762325021893144832,-0.16139233112335205,-0.05006825923919678,-0.12836721539497375,3.520587205886841,-7.9826130867004395,-3.7853667736053467
1762325021958270208,-0.2929552495479584,-0.021305233240127563,-0.09853953868150711,3.255807638168335,-7.864933013916016,-3.8442068099975586
1762325022028404992,-0.19068768620491028,0.2668555974960327,-0.056991979479789734,3.1185145378112793,-7.864933013916016,-4.628738880157471
1762325022093530368,-0.3073367774486542,0.1587289571762085,-0.1917523443698883,3.383294105529785,-7.482473850250244,-3.461747407913208
1762325022193722624,-0.26419222354888916,0.32917606830596924,-0.15020652115345,3.2852277755737305,-7.521700382232666,-4.305119037628174
1762325022258848000,-0.42718327045440674,0.3877667784690857,-0.3286437392234802,3.726526975631714,-7.521700382232666,-4.932744979858398
1762325022359041024,-0.10706198215484619,0.43304234743118286,-0.23116885125637054,4.265892505645752,-7.217694282531738,-4.403185844421387
1762325022459233024,-0.15127117931842804,0.5853798985481262,-0.22211408615112305,4.511058807373047,-7.060787677764893,-3.746140241622925
1762325022494300672,-0.11292105168104172,0.35793909430503845,-0.22530978918075562,4.550285339355469,-7.217694282531738,-4.726805210113525
1762325022559426048,-0.034088023006916046,0.3930935263633728,-0.20400279760360718,4.805258274078369,-6.9333014488220215,-4.1089863777160645
1762325022629561344,0.008520697243511677,0.10120291262865067,-0.2093295454978943,4.991584777832031,-7.00194787979126,-4.383572578430176
1762325022694685184,0.04527384042739868,0.3568744361400604,-0.18322989344596863,4.932744979858398,-6.815621376037598,-3.9814999103546143
1762325022759807232,0.06817779690027237,-0.06391744315624237,-0.08522267639636993,5.334817409515381,-6.639101982116699,-3.422520875930786
1762325022859994112,0.06338512152433395,0.16458803415298462,-0.1267702430486679,5.334817409515381,-6.639101982116699,-3.6774935722351074
1762325022960181760,0.0607217475771904,-0.03994709625840187,-0.16618500649929047,5.893796443939209,-6.433162212371826,-3.3440675735473633
1762325023060369152,0.05645965412259102,-0.040481165051460266,-0.21146059036254883,6.050703048706055,-6.413548946380615,-3.0400614738464355
1762325023160556032,0.018109535798430443,-0.22797314822673798,-0.08735372871160507,6.217415809631348,-6.393935680389404,-3.402907371520996
1762325023260742144,0.012250465340912342,-0.07350453734397888,-0.07776663452386856,5.246557712554932,-6.2566423416137695,-3.2852277755737305
1762325023360929024,0.010651743970811367,0.031958721578121185,-0.12304047495126724,6.354709148406982,-6.2762556076049805,-3.422520875930786
1762325023461115392,0.0021293016616255045,0.07670024037361145,-0.07989593595266342,6.472388744354248,-6.070316314697266,-3.216581106185913
1762325023596367104,0.1304982602596283,0.07563558965921402,-0.1075943112373352,6.2566423416137695,-6.011476516723633,-3.5990405082702637
1762325023696553728,0.052731629461050034,-0.06604674458503723,-0.0559273287653923,7.060787677764893,-6.129156112670898,-3.706913709640503
1762325023796741120,-0.012250465340912342,-0.09640849381685257,-0.03462209552526474,6.737168312072754,-6.237029075622559,-3.5990405082702637
1762325023896928256,0.006923720706254244,-0.1810988485813141,-0.028761280700564384,6.580262184143066,-6.129156112670898,-3.5794272422790527
1762325023997115136,0.061254072934389114,-0.07723256200551987,0.038350120186805725,6.129156112670898,-6.1095428466796875,-3.216581106185913
1762325024097302016,0.04527384042739868,-0.04687255993485451,0.013847441412508488,6.2762556076049805,-6.158576011657715,-3.726526975631714
1762325024192478464,-0.026631977409124374,0.015978489071130753,-0.01970651187002659,5.893796443939209,-6.138962745666504,-3.687300205230713
1762325024327729920,0.026631977409124374,-0.05219930410385132,-0.0021293016616255045,6.51161527633667,-6.129156112670898,-3.216581106185913
1762325024427915776,0.0458061657845974,-0.018109535798430443,-0.012250465340912342,6.619488716125488,-6.138962745666504,-3.461747407913208
1762325024528101632,-0.005324999336153269,-0.0015969761880114675,-0.0458061657845974,6.541035175323486,-6.197802543640137,-3.559813976287842
1762325024628287744,0.05752430483698845,-0.07776663452386856,0.04793721064925194,6.178189277648926,-6.158576011657715,-3.422520875930786
1762325024693431040,0.04953593388199806,0.05912302806973457,0.075103260576725,6.031089782714844,-6.2762556076049805,-3.461747407913208
1762325024793712128,0.024500930681824684,-0.05805837735533714,0.0015969761880114675,6.541035175323486,-6.374322414398193,-3.481360673904419
1762325024893996800,0.009054767899215221,-0.022369883954524994,0.04687255993485451,6.237029075622559,-6.472388744354248,-3.402907371520996
1762325024994285568,-0.014379767701029778,0.07084116339683533,0.05166523531079292,6.197802543640137,-6.452775478363037,-3.442134141921997
1762325025094579200,0.062318723648786545,-0.039414770901203156,0.06817779690027237,6.138962745666504,-6.452775478363037,-3.5402004718780518
1762325025194875392,0.09268046915531158,-0.04953593388199806,0.08042825758457184,5.893796443939209,-6.492002010345459,-3.3440675735473633
1762325025295175680,0.12304047495126724,0.0980072170495987,0.06924419105052948,5.854569911956787,-6.619488716125488,-2.2751426696777344
1762325025395480832,0.08948477357625961,0.05859070271253586,0.033023372292518616,6.237029075622559,-6.599875450134277,-3.3440675735473633
1762325025495789056,0.10865896195173264,-0.007988371886312962,0.033023372292518616,5.952636241912842,-6.737168312072754,-2.8537349700927734
1762325025596101888,0.05113290995359421,0.04314279183745384,-0.005324999336153269,6.089929580688477,-6.962721347808838,-2.618375539779663
1762325025696384256,0.04207814112305641,-0.04634023457765579,0.052731629461050034,5.550563812255859,-7.041174411773682,-3.236194372177124
1762325025796584448,0.017577210441231728,0.0010646508308127522,-0.0250332560390234,5.334817409515381,-6.9333014488220215,-2.863541841506958
1762325025896785920,0.10919128358364105,-0.05166523531079292,-0.06285104900598526,5.815343379974365,-6.756781578063965,-3.50097393989563
1762325025961915648,0.1267702430486679,0.038350120186805725,-0.02290220931172371,5.707469940185547,-7.217694282531738,-2.8145084381103516
1762325026032056320,-0.03781779482960701,0.05912302806973457,0.012250465340912342,6.050703048706055,-6.815621376037598,-2.7948951721191406
1762325026132257792,0.044741515070199966,-0.025565581396222115,0.07297221571207047,6.031089782714844,-6.737168312072754,-2.432049036026001
1762325026232458240,-0.12357279658317566,0.03994709625840187,-0.015978489071130753,5.668243408203125,-7.1588544845581055,-2.736055374145508
1762325026332659712,0.025565581396222115,0.029827676713466644,0.0458061657845974,5.991862773895264,-7.1000142097473145,-3.5402004718780518
1762325026432859904,0.06338512152433395,0.05326395481824875,0.06817779690027237,5.776116847991943,-6.9136881828308105,-2.559535503387451
1762325026533061376,0.05219930410385132,0.16192466020584106,0.06178639829158783,5.7368903160095215,-7.060787677764893,-2.7948951721191406
1762325026633261824,0.06285104900598526,0.14168408513069153,0.07456918805837631,5.452497482299805,-7.1588544845581055,-2.7752819061279297
1762325026733463296,0.15180349349975586,0.05965535342693329,0.10279989242553711,5.874183177947998,-7.198081016540527,-2.883155107498169
1762325026828654592,0.07829895615577698,0.08948477357625961,0.060187678784132004,5.530950546264648,-7.217694282531738,-2.736055374145508
1762325026928856320,0.02929535135626793,0.07723256200551987,0.0015969761880114675,5.5113372802734375,-7.237307548522949,-2.451662540435791
1762325027029058048,0.04634023457765579,0.037283722311258316,0.023436279967427254,5.727083683013916,-7.4040207862854,-2.7752819061279297
1762325027129258752,-0.015446163713932037,0.05859070271253586,-0.006923720706254244,5.374043941497803,-7.315760612487793,-2.922381639480591
1762325027264530944,0.026631977409124374,-0.018109535798430443,-0.007456046529114246,5.374043941497803,-7.198081016540527,-2.4810824394226074
1762325027364732928,0.06178639829158783,0.0250332560390234,0.011184069328010082,5.57017707824707,-7.178467750549316,-2.451662540435791
1762325027464934912,0.018641861155629158,-0.05912302806973457,0.008520697243511677,5.727083683013916,-7.1392412185668945,-2.4810824394226074
1762325027500005120,0.025565581396222115,-0.1118546575307846,0.020240582525730133,5.648630142211914,-7.1588544845581055,-2.7164418697357178
1762325027600207104,0.02396860532462597,-0.08042825758457184,0.0458061657845974,5.530950546264648,-7.1392412185668945,-2.392822504043579
1762325027700408064,0.018641861155629158,-0.06391744315624237,0.03994709625840187,5.246557712554932,-7.423634052276611,-1.8534568548202515
1762325027800609024,0.05752430483698845,-0.12889954447746277,0.09960418939590454,5.168104648590088,-7.25692081451416,-3.2656142711639404
1762325027865740288,0.2380925714969635,-0.0884183794260025,0.15340222418308258,5.589790344238281,-7.315760612487793,-2.9616081714630127
1762325027965941760,0.40427932143211365,-0.05752430483698845,0.21838431060314178,5.3053975105285645,-7.36479377746582,-2.637988805770874
1762325028066142976,0.44635921716690063,0.05645965412259102,0.3643305003643036,4.7071919441223145,-7.7570600509643555,-2.2751426696777344
1762325028166344448,0.39895257353782654,-0.015978489071130753,0.38084304332733154,3.559813976287842,-8.021839141845703,-2.696828603744507
1762325028196404224,0.6093485355377197,-0.14701081812381744,0.3142622411251068,4.550285339355469,-8.119906425476074,-1.833843469619751
1762325028266545920,0.4010836184024811,-0.0559273287653923,0.3456886410713196,4.285505771636963,-8.267005920410156,-0.7453053593635559
1762325028296605696,0.26898664236068726,-0.044741515070199966,0.4122694432735443,3.461747407913208,-8.629851341247559,-1.45138418674469
1762325028366746368,0.379244327545166,0.08042825758457184,0.4357057213783264,3.6774935722351074,-8.72791862487793,-1.1669913530349731
1762325028466947840,0.3749839663505554,-0.03888244554400444,0.39362582564353943,2.8537349700927734,-9.129990577697754,-1.9122966527938843
1762325028597209856,0.1864255964756012,-0.05006825923919678,0.2098618745803833,2.9616081714630127,-9.365350723266602,-1.3140910863876343
1762325028697411840,0.02929535135626793,-0.12037710100412369,0.05219930410385132,2.9419949054718018,-9.64974308013916,-1.5102241039276123
1762325028732482560,0.13742198050022125,0.017043139785528183,0.04953593388199806,3.1577413082122803,-9.414383888244629,0.2843928337097168
1762325028797614592,-0.09054942429065704,-0.5187991261482239,0.1912200152873993,2.451662540435791,-9.247671127319336,-0.725692093372345
1762325028832685312,0.04314279183745384,-0.28336817026138306,0.06604674458503723,2.637988805770874,-9.512450218200684,-1.5886772871017456
1762325028897817088,0.1358250081539154,-0.6173386573791504,0.18536093831062317,2.8145084381103516,-9.129990577697754,-0.6472389101982117
1762325028932888064,0.1267702430486679,-0.4122694432735443,0.26792198419570923,2.5006957054138184,-9.34573745727539,-1.45138418674469
1762325028998019840,0.3147945702075958,-0.32544803619384766,0.09534384310245514,2.4614691734313965,-9.208444595336914,0.127486452460289
1762325029068162304,0.004260348621755838,-0.4447605013847351,0.16085825860500336,2.579148769378662,-9.590903282165527,-1.1473779678344727
1762325029098222336,0.15766257047653198,-0.2663232684135437,0.16618500649929047,1.9907499551773071,-9.610516548156738,-1.1277647018432617
1762325029168365056,-0.003728023264557123,-0.2524740993976593,0.10066884011030197,2.0103631019592285,-9.492836952209473,-0.9512450098991394
1762325029198425088,0.14168408513069153,-0.40481165051460266,0.19441570341587067,2.0299766063690186,-9.532063484191895,-1.3337043523788452
1762325029268567552,0.12091117352247238,-0.21146059036254883,0.11292105168104172,2.0299766063690186,-9.384963989257812,-0.127486452460289
1762325029333699584,0.08788605034351349,-0.3078690767288208,0.1629893183708191,1.2258312702178955,-9.45361042022705,-0.3040061295032501
1762325029363759872,0.06711314618587494,-0.1123887300491333,0.09587617218494415,1.4709974527359009,-9.473223686218262,-0.40207263827323914
1762325029433902336,0.004792673978954554,-0.19335106015205383,0.10546325892210007,1.3337043523788452,-9.551676750183105,-0.47071918845176697
1762325029463963648,0.005324999336153269,-0.17523977160453796,0.10493093729019165,1.255251169204712,-9.45361042022705,-0.34323275089263916
1762325029534105344,0.08255930989980698,-0.10546325892210007,0.12037710100412369,1.3140910863876343,-9.365350723266602,-0.32361945509910583
1762325029564166144,0.03781779482960701,-0.16565269231796265,0.1118546575307846,1.255251169204712,-9.365350723266602,-0.5883989930152893
1762325029599237120,0.06604674458503723,-0.13422629237174988,0.10706198215484619,1.1669913530349731,-9.110377311706543,-0.2843928337097168
1762325029634307840,0.03462209552526474,-0.11292105168104172,0.061254072934389114,1.1081514358520508,-9.286897659301758,-0.4903324842453003
1762325029699439616,0.09001709520816803,-0.10439860820770264,0.08788605034351349,1.2944778203964233,-9.45361042022705,-0.6080122590065002
1762325029764571136,0.0458061657845974,-0.075103260576725,0.1677837371826172,1.0689247846603394,-9.32612419128418,-0.08825984597206116
1762325029834713088,0.19388338923454285,-0.018641861155629158,0.15766257047653198,1.1669913530349731,-9.208444595336914,-0.029419949278235435
1762325029864772864,0.17470745742321014,-0.10066884011030197,0.16938070952892303,1.010084867477417,-9.306510925292969,-0.32361945509910583
1762325029899844608,0.18003419041633606,-0.22051537036895752,0.17523977160453796,0.8139519095420837,-9.071150779724121,0.411879301071167
1762325029964974848,0.14701081812381744,-0.0367513969540596,0.22264641523361206,1.0885381698608398,-9.286897659301758,0.04903324693441391
1762325030000046336,0.15340222418308258,-0.10919128358364105,0.19761140644550323,0.7845319509506226,-9.492836952209473,-0.47071918845176697
1762325030065177856,0.13635733723640442,0.011184069328010082,0.24182234704494476,0.9120184183120728,-9.669356346130371,0.009806649759411812
1762325030100248320,0.12943187355995178,-0.1438133865594864,0.29774966835975647,0.8335652351379395,-9.669356346130371,-0.029419949278235435
1762325030165379584,0.1635216325521469,-0.075103260576725,0.26738792657852173,0.6080122590065002,-9.669356346130371,-0.16671304404735565
1762325030235520768,0.17523977160453796,-0.15446686744689941,0.19974245131015778,0.04903324693441391,-9.610516548156738,-0.009806649759411812
1762325030300653056,0.1725764125585556,-0.04101349040865898,0.1257038414478302,0.127486452460289,-9.747809410095215,0.2059396505355835
1762325030365784576,0.20506919920444489,0.02929535135626793,0.1257038414478302,0.029419949278235435,-9.787036895751953,0.4903324842453003
1762325030435925760,0.18908897042274475,-0.008520697243511677,0.05859070271253586,-0.08825984597206116,-9.590903282165527,0.5687856674194336
1762325030465986560,0.23542919754981995,0.06338512152433395,0.05166523531079292,0.127486452460289,-9.747809410095215,0.32361945509910583
1762325030536127744,0.20506919920444489,-0.0015969761880114675,0.11451803147792816,-0.029419949278235435,-9.64974308013916,1.0885381698608398
1762325030631320064,0.2151886224746704,-0.05912302806973457,0.06391744315624237,-0.34323275089263916,-9.45361042022705,0.5491724014282227
1762325030666391552,0.2791060507297516,-0.12943187355995178,0.05486267805099487,-0.5295590758323669,-9.34573745727539,0.8335652351379395
1762325030731522048,0.2482137382030487,-0.0980072170495987,-0.08735372871160507,-0.2059396505355835,-9.169217109680176,1.5298373699188232
1762325030831721984,0.40374699234962463,-0.07243988662958145,-0.09534384310245514,0.5295590758323669,-8.982891082763672,1.5690639019012451
1762325030866791424,0.30254408717155457,0.04900360852479935,-0.05166523531079292,0.7060787677764893,-8.982891082763672,2.039783239364624
1762325030966992384,0.2940216362476349,-0.018109535798430443,0.11771372705698013,0.04903324693441391,-8.72791862487793,1.9515233039855957
1762325031002062336,0.1629893183708191,-0.019174186512827873,0.11398570239543915,-0.127486452460289,-8.963277816772461,2.2947559356689453
1762325031067192320,0.3147945702075958,0.08096233010292053,-0.034088023006916046,-0.18632633984088898,-9.228057861328125,1.8730701208114624
1762325031132322304,0.27324700355529785,0.08469035476446152,0.04261046648025513,0.04903324693441391,-9.43399715423584,2.7556686401367188
1762325031202462976,0.4112030565738678,0.0884183794260025,0.05965535342693329,-0.3824593424797058,-9.43399715423584,1.0689247846603394
1762325031267592704,0.2657909393310547,0.019174186512827873,0.16512036323547363,-0.47071918845176697,-9.228057861328125,4.148212909698486
1762325031332722944,0.5555522441864014,0.15340222418308258,-0.005324999336153269,-0.6080122590065002,-9.404577255249023,2.579148769378662
1762325031367792640,0.500155508518219,0.06391744315624237,-0.013847441412508488,-0.3040061295032501,-9.414383888244629,3.9030466079711914
1762325031432922624,0.33450281620025635,-0.015978489071130753,-0.0026616270188242197,-0.5687856674194336,-8.992697715759277,3.0792880058288574
1762325031467993344,0.4010836184024811,0.10439860820770264,-0.06764546781778336,-0.029419949278235435,-8.992697715759277,3.481360673904419
1762325031533123328,0.2524740993976593,0.033023372292518616,0.14647676050662994,-0.5687856674194336,-8.384685516357422,4.97197151184082
1762325031603262720,0.318522572517395,0.08628732711076736,0.10546325892210007,-0.10787314921617508,-9.012310981750488,3.8638200759887695
1762325031668393728,0.25460514426231384,0.04101349040865898,0.14274872839450836,-0.9512450098991394,-8.502365112304688,3.6382670402526855
1762325031703466240,0.29189059138298035,0.11984477192163467,0.060187678784132004,-0.7649186849594116,-8.629851341247559,4.667965412139893
1762325031768598784,0.1587289571762085,0.018109535798430443,0.10173524171113968,-1.255251169204712,-8.443525314331055,3.461747407913208
1762325031833731584,0.2652586102485657,-0.0005323254154063761,0.015446163713932037,-0.5687856674194336,-8.443525314331055,3.8049800395965576
1762325031933936640,0.33024072647094727,0.07456918805837631,-0.05326395481824875,-0.3628460466861725,-8.423912048339844,4.9131317138671875
1762325031969008128,0.17630617320537567,-0.05113290995359421,0.056991979479789734,-0.40207263827323914,-8.463138580322266,4.864098072052002
1762325031999069952,0.12091117352247238,-0.03142465278506279,0.17044711112976074,-0.22555294632911682,-8.72791862487793,4.511058807373047
1762325032069213440,0.39948490262031555,-0.0559273287653923,0.16938070952892303,-1.794616937637329,-8.610238075256348,4.766031742095947
1762325032134346496,0.07350453734397888,-0.15979361534118652,0.14754314720630646,-0.6864655017852783,-8.54159164428711,4.952358245849609
1762325032169417728,0.17470745742321014,-0.09214814752340317,0.10173524171113968,-1.1277647018432617,-8.580818176269531,4.422799110412598
1762325032234551808,0.017043139785528183,-0.1773708313703537,0.08735372871160507,-0.6668521761894226,-8.924051284790039,5.3053975105285645
1762325032299684864,0.32384932041168213,0.0367513969540596,-0.024500930681824684,-0.6080122590065002,-8.845598220825195,5.776116847991943
1762325032334756096,0.10173524171113968,-0.07563558965921402,-0.022369883954524994,-0.6472389101982117,-8.580818176269531,5.413270473480225
1762325032399889152,0.2940216362476349,0.03781779482960701,-0.036219071596860886,-0.627625584602356,-8.580818176269531,5.550563812255859
1762325032470033152,0.05432860553264618,-0.018641861155629158,0.1304982602596283,-0.8924051523208618,-8.365072250366211,4.648352146148682
1762325032570238720,0.07137349247932434,0.010651743970811367,0.08202698081731796,-1.206217885017395,-8.119906425476074,5.629016876220703
1762325032600300544,0.13316163420677185,0.040481165051460266,0.0458061657845974,-1.3337043523788452,-8.188552856445312,5.089651107788086
1762325032635371776,0.17950187623500824,0.044741515070199966,0.007456046529114246,-1.1473779678344727,-8.208166122436523,5.030811309814453
1762325032670442496,0.23010244965553284,-0.0010646508308127522,0.04314279183745384,-1.010084867477417,-8.139519691467285,5.972249507904053
1762325032700503296,0.10865896195173264,-0.02929535135626793,0.0932127982378006,-1.235637903213501,-8.061065673828125,5.776116847991943
1762325032735573248,0.16032594442367554,-0.007988371886312962,-0.02077290788292885,-1.255251169204712,-7.943386077880859,4.9131317138671875
1762325032800703488,0.12943187355995178,-0.04634023457765579,0.07190581411123276,-0.9512450098991394,-7.658993244171143,6.031089782714844
1762325032835773696,0.09694082289934158,0.005859069991856813,-0.018109535798430443,-1.186604619026184,-7.678606986999512,5.128877639770508
1762325032870844416,0.11824779957532883,0.018109535798430443,-0.09694082289934158,-0.8335652351379395,-7.884546279907227,5.707469940185547
1762325032900904704,0.05326395481824875,-0.031958721578121185,-0.0324910469353199,-0.9512450098991394,-7.943386077880859,5.530950546264648
1762325032935974912,0.11611675471067429,-0.019174186512827873,-0.040481165051460266,-1.255251169204712,-7.845319747924805,5.148490905761719
1762325033001104896,0.04687255993485451,-0.03888244554400444,0.009054767899215221,-1.4121575355529785,-7.717833518981934,6.1095428466796875
1762325033036176128,0.08202698081731796,0.07829895615577698,-0.1310305893421173,-1.4906107187271118,-7.943386077880859,5.128877639770508
1762325033071245824,0.22317872941493988,0.09853953868150711,-0.149674192070961,-1.1081514358520508,-7.9041595458984375,5.795730113983154
1762325033101306112,0.09587617218494415,0.09268046915531158,-0.0841580256819725,-1.2748644351959229,-7.619766712188721,6.413548946380615
1762325033171447040,0.1784372180700302,0.17417512834072113,-0.16139233112335205,-1.3533176183700562,-7.825706481933594,5.472110748291016
1762325033201507328,0.18802431225776672,0.15713024139404297,-0.13369396328926086,-1.1669913530349731,-7.7570600509643555,6.639101982116699
1762325033301707520,0.022369883954524994,0.1491401195526123,-0.24235466122627258,-1.010084867477417,-8.002225875854492,6.639101982116699
1762325033336778240,0.0649820938706398,0.11025768518447876,-0.08788605034351349,-1.6082905530929565,-7.825706481933594,5.4328837394714355
1762325033366838784,0.21838431060314178,0.2711176872253418,-0.17790314555168152,-1.7357770204544067,-7.580540180206299,5.834956645965576
1762325033401908736,0.18908897042274475,0.3648628294467926,-0.2801724672317505,-1.0689247846603394,-7.198081016540527,7.541313648223877
1762325033502109696,-0.030892327427864075,0.26365989446640015,-0.019174186512827873,-1.235637903213501,-6.962721347808838,7.060787677764893
1762325033537179648,-0.35367700457572937,0.12730257213115692,0.08255930989980698,-1.5886772871017456,-6.874461650848389,6.619488716125488
1762325033602310912,-0.05805837735533714,0.13369396328926086,0.013315116055309772,-1.7357770204544067,-8.100293159484863,5.854569911956787
1762325033667441152,-0.15499919652938843,0.07989593595266342,-0.014379767701029778,-0.8924051523208618,-8.345458984375,5.933022975921631
1762325033702511104,-0.10279989242553711,0.9300038814544678,-0.3355674743652344,-2.079009771347046,-7.864933013916016,4.128599643707275
1762325033767642368,-0.0932127982378006,0.48896968364715576,-0.4106707274913788,0.4314925968647003,-7.9826130867004395,5.109264373779297
1762325033802712320,-0.0021293016616255045,0.0980072170495987,-0.06391744315624237,0.3040061295032501,-7.560926914215088,4.883711814880371
1762325033837783296,0.02822895534336567,0.05752430483698845,0.07936360687017441,-0.47071918845176697,-7.1588544845581055,6.158576011657715
1762325033867843584,-0.12943187355995178,0.09214814752340317,0.0841580256819725,-0.8041452765464783,-7.658993244171143,6.472388744354248
1762325033937984256,-0.06178639829158783,-0.09853953868150711,-0.026631977409124374,-1.1473779678344727,-8.247392654418945,5.148490905761719
1762325033968043520,0.1257038414478302,0.14274872839450836,0.01970651187002659,-0.8041452765464783,-8.56120491027832,5.952636241912842
1762325034003114240,0.06391744315624237,0.08469035476446152,0.1257038414478302,-1.9711365699768066,-8.267005920410156,5.91340970993042
1762325034038184192,0.17950187623500824,0.23010244965553284,-0.18376222252845764,-2.098623037338257,-7.658993244171143,5.109264373779297
1762325034103315456,-0.05805837735533714,-0.0559273287653923,-0.17950187623500824,-0.8531785011291504,-7.560926914215088,5.57017707824707
1762325034138385152,-0.04793721064925194,0.022369883954524994,-0.247147336602211,-0.9316317439079285,-8.325845718383789,5.4328837394714355
1762325034168445440,0.0005323254154063761,0.16938070952892303,-0.2615288496017456,-0.10787314921617508,-8.56120491027832,5.20733118057251
1762325034203516416,0.03142465278506279,0.05859070271253586,-0.14328105747699738,-0.6668521761894226,-8.404298782348633,5.57017707824707
1762325034238586112,0.12783488631248474,0.2151886224746704,-0.24501803517341614,-0.9708583354949951,-8.061065673828125,5.707469940185547
1762325034268646144,0.18429629504680634,0.2759103775024414,-0.24128827452659607,-0.24516624212265015,-7.766866683959961,6.089929580688477
1762325034338786816,-0.17790314555168152,0.30627211928367615,-0.13848838210105896,0.4314925968647003,-7.315760612487793,5.128877639770508
1762325034403917056,0.11505035310983658,0.1251715123653412,-0.21572093665599823,-2.451662540435791,-7.4040207862854,6.2762556076049805
1762325034438987776,-0.0010646508308127522,0.3307730555534363,-0.6125442385673523,0.24516624212265015,-7.619766712188721,6.678328514099121
1762325034504118016,-0.07989593595266342,-0.06711314618587494,0.37711501121520996,-1.431770920753479,-7.7570600509643555,5.413270473480225
1762325034569249024,-0.005324999336153269,0.48790502548217773,-0.2705853581428528,0.22555294632911682,-7.560926914215088,6.854848384857178
1762325034604318720,-0.20347048342227936,0.21199291944503784,0.04420918971300125,-0.5491724014282227,-7.658993244171143,4.864098072052002
1762325034669449728,0.2061338573694229,0.5102766752243042,-0.5235917568206787,-0.7845319509506226,-7.806093215942383,6.197802543640137
1762325034704520704,-0.03036000207066536,0.20347048342227936,-0.17683850228786469,-0.127486452460289,-8.119906425476074,5.854569911956787
1762325034734581504,-0.05113290995359421,0.0005323254154063761,0.021305233240127563,-1.2748644351959229,-8.100293159484863,5.374043941497803
1762325034769652992,0.023436279967427254,0.06817779690027237,-0.014379767701029778,-1.431770920753479,-8.041452407836914,4.903325080871582
1762325034804723456,0.12730257213115692,-0.10439860820770264,-0.08096233010292053,-1.235637903213501,-7.9629998207092285,5.795730113983154
1762325034869855744,0.04527384042739868,-0.28176942467689514,0.05912302806973457,-1.8534568548202515,-7.884546279907227,5.20733118057251
1762325034904926208,0.09268046915531158,-0.12943187355995178,-0.1358250081539154,-0.9120184183120728,-8.021839141845703,5.795730113983154
1762325034934987008,0.030892327427864075,-0.23649559915065765,0.06871011853218079,-0.34323275089263916,-7.9629998207092285,5.668243408203125
1762325034970057728,-0.013847441412508488,-0.1731104701757431,0.10493093729019165,-1.3337043523788452,-7.884546279907227,5.952636241912842
1762325035005129216,0.05539500340819359,-0.12730257213115692,-0.1347586065530777,-1.1473779678344727,-7.7570600509643555,5.354430675506592
1762325035070260224,0.07829895615577698,-0.26951897144317627,0.10652966052293777,0.16671304404735565,-7.521700382232666,6.3350958824157715
1762325035105331712,-0.04261046648025513,-0.2338322252035141,0.10706198215484619,-0.8531785011291504,-7.0804009437561035,7.041174411773682
1762325035170463232,-0.1640557050704956,-0.1358250081539154,0.075103260576725,1.0689247846603394,-7.786479949951172,6.031089782714844
1762325035235595520,-0.04740488529205322,-0.1491401195526123,0.11718140542507172,0.009806649759411812,-7.335373878479004,6.796008110046387
1762325035335798272,-0.24182234704494476,-0.06924419105052948,0.33663210272789,0.10787314921617508,-7.502087116241455,5.952636241912842
1762325035405940224,-0.26312756538391113,0.006923720706254244,0.09640849381685257,-0.8139519095420837,-7.717833518981934,5.756503582000732
1762325035471071488,-0.21625500917434692,-0.1720440834760666,0.33982956409454346,-1.4121575355529785,-8.080678939819336,6.197802543640137
1762325035506142976,-0.35793909430503845,-0.24128827452659607,0.26738792657852173,-1.6769371032714844,-8.325845718383789,5.472110748291016
1762325035536203776,-0.2807047963142395,-0.1347586065530777,0.19335106015205383,-1.0885381698608398,-8.629851341247559,4.766031742095947
1762325035606345984,-0.34781792759895325,-0.19441570341587067,0.17097942531108856,-1.4906107187271118,-8.767145156860352,5.089651107788086
1762325035636406784,-0.28816258907318115,-0.26365989446640015,0.21838431060314178,-1.6279038190841675,-8.708305358886719,4.667965412139893
1762325035671476992,-0.1310305893421173,-0.04953593388199806,0.0841580256819725,-1.5886772871017456,-8.443525314331055,4.4620256423950195
1762325035701538304,-0.15286989510059357,-0.2482137382030487,0.09054942429065704,-1.5886772871017456,-8.178746223449707,6.1095428466796875
1762325035771680512,-0.343025267124176,-0.18376222252845764,-0.015446163713932037,-1.9515233039855957,-8.521978378295898,4.530672073364258
1762325035801741312,-0.34781792759895325,-0.2199830412864685,0.018109535798430443,-1.3925442695617676,-8.786758422851562,5.472110748291016
1762325035836813056,-0.5459634065628052,-0.2940216362476349,0.18536093831062317,-0.9708583354949951,-8.963277816772461,4.001112937927246
1762325035871884544,-0.3089354932308197,-0.44582515954971313,0.22211408615112305,-2.2751426696777344,-8.119906425476074,2.7948951721191406
1762325035901945344,-0.2519417703151703,-0.7718072533607483,0.020240582525730133,-1.5494506359100342,-8.610238075256348,4.667965412139893
1762325035937015808,-0.16245698928833008,-0.5219948291778564,0.09214814752340317,-0.9316317439079285,-9.071150779724121,4.403185844421387
1762325035972087296,-0.3217182755470276,-0.7718072533607483,0.2940216362476349,-1.2258312702178955,-8.982891082763672,5.128877639770508
1762325036002148352,-0.396289199590683,-0.7856564521789551,0.39575690031051636,-1.4121575355529785,-8.94366455078125,3.177354574203491
1762325036037219072,-0.21678733825683594,-1.057838797569275,0.46446874737739563,-2.1378495693206787,-8.74753189086914,5.030811309814453
1762325036072290560,-0.21412396430969238,-0.8341259956359863,0.29668501019477844,-1.9711365699768066,-8.74753189086914,4.148212909698486
1762325036102351616,-0.1821652501821518,-0.6871151328086853,0.2711176872253418,-1.1669913530349731,-8.159132957458496,2.1966896057128906
1762325036137422080,-0.2759103775024414,-0.7760676145553589,0.15659791231155396,-1.9319100379943848,-8.345458984375,4.726805210113525
1762325036202554624,0.009587093256413937,-0.23010244965553284,-0.1773708313703537,0.509945809841156,-9.090764045715332,5.413270473480225
1762325036237625344,-0.4953628182411194,-0.2620629370212555,0.16884838044643402,-1.1081514358520508,-7.884546279907227,5.629016876220703
1762325036272696832,-0.48098132014274597,0.05219930410385132,-0.007988371886312962,-2.1770763397216797,-8.208166122436523,3.236194372177124
1762325036302757888,-0.32384932041168213,-0.5102766752243042,-0.23116885125637054,-0.2843928337097168,-10.836347579956055,2.3339827060699463
1762325036337828352,0.0015969761880114675,-0.07137349247932434,-0.009054767899215221,0.18632633984088898,-9.365350723266602,3.363680839538574
1762325036372900096,0.21678733825683594,-0.1869579255580902,0.10173524171113968,0.24516624212265015,-5.668243408203125,2.3535959720611572
1762325036402960896,0.360602468252182,-0.05539500340819359,0.1267702430486679,1.1473779678344727,-7.717833518981934,8.139519691467285
1762325036503164416,0.1214434951543808,-0.24501803517341614,0.09374511986970901,-0.5687856674194336,-7.423634052276611,3.6774935722351074
1762325036538235904,0.06604674458503723,-0.6940406560897827,0.11025768518447876,0.009806649759411812,-7.9629998207092285,5.187717914581299
1762325036573306368,0.1304982602596283,-0.35314467549324036,0.1347586065530777,0.06864655017852783,-8.463138580322266,3.0400614738464355
1762325036603367424,0.08149465918540955,-0.3078690767288208,0.2428869903087616,-0.509945809841156,-8.188552856445312,4.167826175689697
1762325036638438912,-0.20187349617481232,-0.20826490223407745,0.5177326798439026,-0.029419949278235435,-8.94366455078125,5.491724014282227
1762325036673509376,-0.12357279658317566,-0.30627211928367615,0.8245388865470886,-2.696828603744507,-8.786758422851562,2.5203089714050293
1762325036703570432,0.12037710100412369,-0.1166490763425827,0.318522572517395,-2.9812214374542236,-8.188552856445312,5.354430675506592
1762325036773710848,-0.3558080494403839,-0.318522572517395,0.500155508518219,-1.2944778203964233,-9.286897659301758,3.177354574203491
1762325036803770880,-0.062318723648786545,-0.3318394422531128,0.46553340554237366,-3.0400614738464355,-9.306510925292969,2.657602071762085
1762325036873911296,-0.05219930410385132,-0.12357279658317566,0.009587093256413937,-0.8531785011291504,-9.012310981750488,3.746140241622925
1762325036903971584,-0.015978489071130753,-0.21359163522720337,0.2844327986240387,-0.8531785011291504,-9.0319242477417,3.481360673904419
1762325036939041280,-0.05912302806973457,-0.5166680812835693,0.5267892479896545,-1.2944778203964233,-9.05153751373291,4.60912561416626
1762325036974112000,0.02396860532462597,-0.14647676050662994,0.2759103775024414,-2.677215337753296,-9.090764045715332,4.167826175689697
1762325037004172032,-0.1262361705303192,-0.43144363164901733,0.2609965205192566,-1.7553902864456177,-9.071150779724121,4.040339469909668
1762325037039242752,0.040481165051460266,-0.39575690031051636,0.23969130218029022,-2.9419949054718018,-8.904438018798828,2.677215337753296
1762325037069303040,0.1960144340991974,-0.13688966631889343,0.08362570405006409,-1.010084867477417,-8.982891082763672,4.22666597366333
1762325037104372480,0.1022675633430481,-0.49269944429397583,0.4836446940898895,-0.8924051523208618,-8.884824752807617,4.511058807373047
1762325037139443456,0.19388338923454285,-0.7755352854728699,0.721737265586853,-2.7556686401367188,-8.54159164428711,2.8537349700927734
1762325037169503488,0.3590037524700165,-0.6263934373855591,0.5550181865692139,-1.81423020362854,-8.580818176269531,4.442412376403809
1762325037204573952,0.23223350942134857,-0.6865828633308411,0.5816519260406494,-2.637988805770874,-8.178746223449707,4.363959312438965
1762325037239643904,0.1539345383644104,-0.46979549527168274,0.36539512872695923,-2.8341217041015625,-8.178746223449707,3.9030466079711914
1762325037269703936,0.360070139169693,-0.377647340297699,0.33876314759254456,-1.8534568548202515,-8.404298782348633,4.383572578430176
1762325037304774400,0.27271467447280884,-0.3360998034477234,0.31000015139579773,-2.7948951721191406,-7.943386077880859,4.726805210113525
1762325037339844352,0.33024072647094727,-0.06658081710338593,0.12410686910152435,-2.559535503387451,-7.923772811889648,4.040339469909668
1762325037369905152,0.33929547667503357,0.0830916315317154,0.18322989344596863,-2.0299766063690186,-7.9629998207092285,5.148490905761719
1762325037404974848,0.2982819974422455,-0.16245698928833008,0.31106653809547424,-2.559535503387451,-7.786479949951172,4.491445541381836
1762325037440045568,0.3147945702075958,-0.006391395349055529,0.28336817026138306,-2.677215337753296,-7.639379978179932,5.266170978546143
1762325037470105600,0.210928276181221,0.08096233010292053,0.17044711112976074,-2.618375539779663,-7.502087116241455,5.933022975921631
1762325037505175296,-0.04101349040865898,-0.16725140810012817,0.30094537138938904,-2.3339827060699463,-7.619766712188721,5.393657207489014
1762325037540246016,0.13209524750709534,-0.2002747803926468,0.32970839738845825,-2.5006957054138184,-7.825706481933594,5.226944446563721
1762325037605375744,-0.018109535798430443,-0.24128827452659607,0.20720024406909943,-2.079009771347046,-8.119906425476074,4.746418476104736
1762325037640446208,0.013847441412508488,-0.247147336602211,0.34408989548683167,-2.4810824394226074,-7.943386077880859,5.266170978546143
1762325037670506496,0.004260348621755838,-0.3084031641483307,0.3659292161464691,-2.618375539779663,-7.864933013916016,5.011198043823242
1762325037705577728,0.05486267805099487,-0.10333221405744553,0.158194899559021,-2.8145084381103516,-7.786479949951172,5.128877639770508
1762325037740647680,0.0415458157658577,-0.08788605034351349,0.15446686744689941,-2.2163028717041016,-7.864933013916016,5.070037841796875
1762325037770709248,0.09587617218494415,-0.1635216325521469,0.21305932104587555,-2.637988805770874,-7.698220252990723,4.9131317138671875
1762325037805779200,0.11292105168104172,-0.0649820938706398,0.1725764125585556,-2.8341217041015625,-7.384407043457031,5.609403610229492
1762325037870910976,0.1123887300491333,-0.3451545536518097,0.4436958432197571,-3.0989012718200684,-7.178467750549316,5.413270473480225
1762325037905980928,0.02290220931172371,-0.10972535610198975,0.2008071094751358,-4.020726203918457,-6.756781578063965,6.354709148406982
1762325037941051904,-0.26365989446640015,-0.19867780804634094,-0.003728023264557123,-2.883155107498169,-6.697941780090332,5.815343379974365
1762325037971112448,-0.17950187623500824,-0.1347586065530777,0.08895070105791092,-2.637988805770874,-7.060787677764893,5.530950546264648
1762325038041253632,-0.16565269231796265,-0.07030884176492691,0.022369883954524994,-3.559813976287842,-7.384407043457031,5.472110748291016
1762325038106385152,-0.029827676713466644,-0.028761280700564384,0.10386628657579422,-3.363680839538574,-7.639379978179932,4.991584777832031
1762325038141456384,-0.1257038414478302,-0.12037710100412369,0.16032594442367554,-2.657602071762085,-7.766866683959961,5.5113372802734375
1762325038171516928,-0.10279989242553711,-0.1358250081539154,0.2093295454978943,-3.7853667736053467,-7.60015344619751,4.746418476104736
1762325038206586880,0.07883128523826599,0.10812663286924362,-0.005324999336153269,-2.922381639480591,-7.7374467849731445,5.374043941497803
1762325038241657856,-0.0015969761880114675,-0.11505035310983658,0.18163292109966278,-2.5203089714050293,-7.639379978179932,5.893796443939209
1762325038271718400,-0.10439860820770264,-0.0367513969540596,0.16085825860500336,-3.8638200759887695,-7.335373878479004,5.452497482299805
1762325038306789632,-0.04314279183745384,0.05113290995359421,-0.021305233240127563,-3.6774935722351074,-7.60015344619751,4.9131317138671875
1762325038336850176,0.025565581396222115,0.04953593388199806,-0.06658081710338593,-3.196967840194702,-7.698220252990723,5.20733118057251
1762325038371921152,-0.003728023264557123,-0.10439860820770264,0.05006825923919678,-3.196967840194702,-7.25692081451416,5.668243408203125
1762325038406991104,0.012782790698111057,0.06604674458503723,-0.04314279183745384,-3.442134141921997,-7.119627952575684,5.109264373779297
1762325038437051648,0.010119418613612652,0.04634023457765579,-0.026631977409124374,-2.922381639480591,-7.217694282531738,5.168104648590088
1762325038472123136,-0.037283722311258316,-0.15446686744689941,0.07829895615577698,-3.461747407913208,-6.982334613800049,5.609403610229492
1762325038507193088,-0.05539500340819359,0.05113290995359421,-0.013847441412508488,-3.216581106185913,-7.217694282531738,5.266170978546143
1762325038537254656,-0.027696629986166954,-0.14168408513069153,0.12410686910152435,-2.9812214374542236,-7.315760612487793,5.109264373779297
1762325038572324608,-0.05752430483698845,-0.22158175706863403,0.16192466020584106,-3.6186537742614746,-7.00194787979126,5.589790344238281
1762325038607395840,-0.10706198215484619,-0.024500930681824684,0.010651743970811367,-3.363680839538574,-7.198081016540527,5.31520414352417
1762325038637456384,-0.14541210234165192,-0.18056651949882507,0.08948477357625961,-2.657602071762085,-7.462860584259033,5.756503582000732
1762325038672527360,-0.2098618745803833,-0.22957013547420502,0.15446686744689941,-2.9812214374542236,-7.678606986999512,5.393657207489014
1762325038707597568,-0.18003419041633606,-0.1874919831752777,0.10546325892210007,-3.363680839538574,-7.717833518981934,4.844484806060791
1762325038737658368,-0.09640849381685257,-0.2199830412864685,0.10173524171113968,-2.3535959720611572,-7.864933013916016,4.805258274078369
1762325038772729856,-0.1635216325521469,-0.31585919857025146,0.26419222354888916,-2.4810824394226074,-7.658993244171143,5.589790344238281
1762325038837861888,-0.14168408513069153,-0.05859070271253586,0.14115175604820251,-2.451662540435791,-8.188552856445312,5.148490905761719
1762325038872931840,-0.149674192070961,-0.1438133865594864,0.21359163522720337,-4.22666597366333,-7.7570600509643555,4.6875786781311035
1762325038908003072,-0.18962128460407257,0.10706198215484619,-0.036219071596860886,-3.422520875930786,-7.845319747924805,5.648630142211914
1762325038938063872,-0.1267702430486679,-0.05166523531079292,-0.013847441412508488,-2.8341217041015625,-7.9826130867004395,4.187439441680908
1762325038973135360,0.0415458157658577,-0.02396860532462597,0.13156291842460632,-2.8537349700927734,-7.806093215942383,5.57017707824707
1762325039008205568,-0.08042825758457184,-0.1267702430486679,0.08682139962911606,-4.167826175689697,-7.36479377746582,5.187717914581299
1762325039038267392,-0.02822895534336567,-0.12304047495126724,-0.004260348621755838,-3.442134141921997,-7.482473850250244,6.031089782714844
1762325039073337344,-0.17417512834072113,0.022369883954524994,-0.023436279967427254,-3.6578803062438965,-7.25692081451416,5.089651107788086
1762325039108408576,-0.0649820938706398,-0.10972535610198975,0.04261046648025513,-2.9419949054718018,-7.384407043457031,5.31520414352417
1762325039138469376,-0.11505035310983658,-0.1395530253648758,0.05006825923919678,-3.3244543075561523,-7.36479377746582,5.648630142211914
1762325039173540864,-0.19494803249835968,-0.009587093256413937,0.052731629461050034,-3.746140241622925,-7.335373878479004,4.422799110412598
1762325039208611072,-0.012250465340912342,-0.14754314720630646,0.04261046648025513,-2.579148769378662,-7.864933013916016,5.148490905761719
1762325039238671616,-0.039414770901203156,-0.0415458157658577,0.10865896195173264,-3.6578803062438965,-7.619766712188721,5.31520414352417
1762325039273742848,-0.13688966631889343,0.052731629461050034,-0.08469035476446152,-3.3048410415649414,-7.825706481933594,5.226944446563721
1762325039308814336,-0.08255930989980698,0.018641861155629158,-0.056991979479789734,-2.863541841506958,-8.227779388427734,4.1089863777160645
1762325039338874880,-0.017577210441231728,-0.04207814112305641,0.04420918971300125,-2.922381639480591,-8.139519691467285,4.883711814880371
1762325039373945088,0.0005323254154063761,0.02290220931172371,-0.011718139983713627,-3.6578803062438965,-7.825706481933594,5.31520414352417
1762325039409016320,-0.09960418939590454,0.015446163713932037,-0.06338512152433395,-2.9616081714630127,-7.806093215942383,5.266170978546143
1762325039439077120,-0.19388338923454285,0.022369883954524994,-0.08255930989980698,-3.3440675735473633,-7.825706481933594,4.991584777832031
1762325039474148352,-0.09853953868150711,-0.11824779957532883,-0.029827676713466644,-3.0204482078552246,-7.943386077880859,4.766031742095947
1762325039509219840,-0.10173524171113968,-0.05645965412259102,-0.019174186512827873,-3.422520875930786,-7.766866683959961,4.952358245849609
1762325039539280384,-0.1954803615808487,-0.11345338076353073,-0.035154420882463455,-2.9812214374542236,-7.766866683959961,5.530950546264648
1762325039574350592,-0.27324700355529785,-0.09268046915531158,-0.02183755859732628,-3.3244543075561523,-7.806093215942383,4.530672073364258
1762325039609421824,-0.14221639931201935,-0.09640849381685257,0.014379767701029778,-2.598762273788452,-7.9629998207092285,4.82487154006958
1762325039674553600,-0.3733852505683899,-0.020240582525730133,-0.10120291262865067,-3.6774935722351074,-8.139519691467285,4.422799110412598
1762325039704613888,-0.2572685182094574,-0.15233582258224487,-0.1022675633430481,-2.618375539779663,-8.463138580322266,4.079566478729248
1762325039739684864,-0.2237110584974289,-0.06871011853218079,-0.030892327427864075,-3.196967840194702,-8.365072250366211,4.491445541381836
1762325039774754816,-0.342492938041687,-0.10652966052293777,-0.07137349247932434,-2.8145084381103516,-8.54159164428711,4.56989860534668
1762325039839886080,-0.08522267639636993,-0.1539345383644104,-0.06764546781778336,-2.657602071762085,-8.649465560913086,3.6578803062438965
1762325039874956800,-0.14221639931201935,-0.16512036323547363,-0.011718139983713627,-3.0792880058288574,-7.766866683959961,5.089651107788086
1762325039905017088,-0.4767192304134369,-0.1635216325521469,-0.15553326904773712,-2.618375539779663,-7.560926914215088,5.354430675506592
1762325039975158016,-0.2934875786304474,0.007988371886312962,-0.09640849381685257,-1.7161637544631958,-8.404298782348633,2.2751426696777344
1762325040040289024,-0.2764444351196289,0.1395530253648758,0.013315116055309772,-2.883155107498169,-8.119906425476074,3.1185145378112793
1762325040075359744,-0.06711314618587494,0.10120291262865067,0.06817779690027237,-1.6769371032714844,-8.580818176269531,2.3339827060699463
1762325040175560704,-0.4857739806175232,0.439966082572937,-0.15499919652938843,-2.7752819061279297,-7.884546279907227,4.22666597366333
1762325040240691968,-0.23116885125637054,0.028761280700564384,0.1022675633430481,-3.8638200759887695,-8.119906425476074,3.3440675735473633
1762325040275762688,-0.3835064172744751,0.2242433875799179,-0.1773708313703537,-3.6186537742614746,-8.325845718383789,2.559535503387451
1762325040340893696,-0.07243988662958145,0.20506919920444489,-0.08042825758457184,-2.5203089714050293,-8.629851341247559,1.6965503692626953
1762325040375964672,0.0932127982378006,0.13795430958271027,-0.0005323254154063761,-3.383294105529785,-8.74753189086914,2.373209238052368
1762325040406024960,0.05060058459639549,0.16884838044643402,-0.03888244554400444,-3.3440675735473633,-8.94366455078125,2.637988805770874
1762325040441094656,0.09001709520816803,0.12197582423686981,-0.08788605034351349,-2.883155107498169,-8.982891082763672,3.236194372177124
1762325040476165632,0.056991979479789734,0.34355756640434265,-0.10013651847839355,-2.7556686401367188,-8.904438018798828,3.0008349418640137
1762325040541296384,0.05752430483698845,0.21838431060314178,-0.16512036323547363,-2.922381639480591,-8.992697715759277,2.41243577003479
1762325040576367104,0.1443474441766739,0.12463919073343277,-0.08255930989980698,-2.863541841506958,-8.74753189086914,2.863541841506958
1762325040606427392,0.07616791129112244,-0.013847441412508488,-0.04207814112305641,-3.0596747398376465,-8.521978378295898,3.5794272422790527
1762325040641497344,-0.03994709625840187,0.1443474441766739,-0.18269756436347961,-3.1381278038024902,-8.521978378295898,3.1185145378112793
1762325040706627840,0.02183755859732628,-0.04740488529205322,-0.043676864355802536,-3.2656142711639404,-8.443525314331055,3.2656142711639404
1762325040776768768,-0.10173524171113968,-0.053796280175447464,-0.09534384310245514,-2.5203089714050293,-8.590624809265137,3.236194372177124
1762325040806828544,-0.13369396328926086,-0.06391744315624237,-0.061254072934389114,-3.0008349418640137,-8.629851341247559,3.0008349418640137
1762325040841899008,-0.10120291262865067,-0.1262361705303192,-0.09480977058410645,-2.7556686401367188,-8.72791862487793,3.0204482078552246
1762325040871959040,-0.22957013547420502,-0.16938070952892303,-0.010651743970811367,-3.3048410415649414,-8.590624809265137,3.196967840194702
1762325040907029248,-0.3078690767288208,-0.05326395481824875,-0.16192466020584106,-2.7164418697357178,-9.012310981750488,2.3535959720611572
1762325040942098688,-0.16512036323547363,-0.13848838210105896,-0.08096233010292053,-2.3535959720611572,-9.110377311706543,2.41243577003479
1762325040972158464,-0.27804142236709595,-0.16671733558177948,-0.023436279967427254,-2.696828603744507,-8.865211486816406,3.3440675735473633
1762325041007228672,-0.39362582564353943,-0.018641861155629158,-0.14061768352985382,-2.392822504043579,-9.05153751373291,2.1966896057128906
1762325041072358912,-0.53957200050354,0.08149465918540955,-0.07723256200551987,-3.0596747398376465,-9.110377311706543,1.3140910863876343
1762325041107429120,-0.5294508337974548,0.10333221405744553,-0.061254072934389114,-2.2555294036865234,-9.228057861328125,2.1574628353118896
1762325041142498560,-0.4676644504070282,-0.012782790698111057,-0.19974245131015778,-3.236194372177124,-9.129990577697754,0.7453053593635559
1762325041207628544,-0.33450281620025635,-0.019174186512827873,-0.247147336602211,-2.2359161376953125,-8.982891082763672,1.6082905530929565
1762325041242699008,-0.3270450234413147,-0.09054942429065704,-0.1784372180700302,-1.7553902864456177,-8.904438018798828,1.5886772871017456
1762325041272758784,-0.4298466444015503,-0.06658081710338593,-0.14274872839450836,-1.8534568548202515,-8.649465560913086,2.0103631019592285
1762325041307828992,-0.38989782333374023,0.036219071596860886,-0.15180349349975586,-1.7357770204544067,-8.865211486816406,1.0493115186691284
1762325041372958976,-0.35367700457572937,0.11771372705698013,-0.16671733558177948,-1.6769371032714844,-8.94366455078125,1.0493115186691284
1762325041408029184,-0.38190770149230957,0.1725764125585556,-0.1022675633430481,-1.6965503692626953,-9.149603843688965,0.2059396505355835
1762325041443098624,-0.10173524171113968,0.1118546575307846,-0.07243988662958145,-1.6082905530929565,-9.34573745727539,0.22555294632911682
1762325041473159424,-0.19814373552799225,0.038350120186805725,0.0026616270188242197,-2.1378495693206787,-9.05153751373291,1.255251169204712
1762325041508228608,-0.2338322252035141,0.07137349247932434,-0.0740368664264679,-1.7357770204544067,-9.32612419128418,0.8531785011291504
1762325041543298816,-0.18429629504680634,0.16565269231796265,-0.06764546781778336,-1.8730701208114624,-9.34573745727539,0.7649186849594116
1762325041573358592,-0.27324700355529785,0.019174186512827873,-0.003728023264557123,-2.1770763397216797,-9.384963989257812,0.8924051523208618
1762325041608428800,-0.22637443244457245,0.02183755859732628,-0.09268046915531158,-1.9319100379943848,-9.551676750183105,0.06864655017852783
1762325041643499008,-0.13156291842460632,0.015978489071130753,-0.06444977223873138,-1.431770920753479,-9.492836952209473,0.3824593424797058
1762325041673558528,-0.16458803415298462,0.0031956976745277643,-0.04261046648025513,-1.9711365699768066,-9.365350723266602,0.22555294632911682
1762325041708629760,-0.1640557050704956,-0.04420918971300125,-0.08096233010292053,-1.7553902864456177,-9.43399715423584,0.127486452460289
1762325041743700736,-0.07190581411123276,-0.023436279967427254,-0.053796280175447464,-0.7060787677764893,-9.532063484191895,0.127486452460289
1762325041808830976,-0.08096233010292053,-0.021305233240127563,0.075103260576725,-1.1277647018432617,-9.32612419128418,0.4903324842453003
1762325041843902208,-0.07297221571207047,-0.030892327427864075,0.10706198215484619,-1.3925442695617676,-9.169217109680176,0.16671304404735565
1762325041873962752,-0.08948477357625961,0.02183755859732628,0.15499919652938843,-1.5886772871017456,-9.012310981750488,0.5687856674194336
1762325041944104448,-0.16618500649929047,-0.1304982602596283,0.16085825860500336,-1.6573238372802734,-9.149603843688965,0.7060787677764893
1762325041974164992,-0.2535404860973358,0.03355569764971733,0.11398570239543915,-2.1182363033294678,-9.247671127319336,0.32361945509910583
1762325042009235968,-0.22530978918075562,0.11505035310983658,0.05219930410385132,-1.794616937637329,-9.512450218200684,-0.3628460466861725
1762325042039296512,-0.11451803147792816,-0.1251715123653412,0.1358250081539154,-2.2359161376953125,-9.306510925292969,-0.009806649759411812
